id,review_id,app,stars,type,text
R001,27f77967-3f47-4eb2-9902-b06ea4d13639,Meesho,3,hinglish,mujhe mesho Bahut acha lagaaa ❤️😘
R002,fcf7f74c-1eb6-444b-adb6-b212e5556645,Meesho,1,hinglish,dilivery prosess bahut kharab hai
R003,5b441b9f-597c-4315-87b2-56f356896bbf,Zepto,1,hinglish,ye bahut kharab app hai
R004,d82350e0-410b-4e0a-b9ee-40e8dfcd57dc,Zepto,4,hinglish,good groceries app but kabhi kabhi kuch chiz Boht purane aati Hai
R005,2af9036f-b54a-492f-ab44-22b090f62067,Meesho,5,hinglish,bahut hi achcha app hai
R006,6a34c470-268c-4282-9dff-c51bda8e6d77,Blinkit,4,hinglish,50 rs off dikha k diya nahi
R007,d66fbc2f-a6a5-4977-8981-283d30239111,Zepto,4,hinglish,150 ka hi order pr free delivery kr rakhi hai na chahte hue bhi 150 se uper ka order Krna padta hai
R008,1e067d22-9d6c-49bd-8997-fcb2017416e0,Nykaa,5,hinglish,Bahut hi acha app he
R009,ee2e333b-0343-4847-b740-5e13ee0de6d6,Zepto,3,hinglish,bhim app se cashback dikhate ho. kitne takk ka bhi order krlo. koi Cash back nahi ata
R010,cc772df3-df40-486f-a528-f33f4946eebe,Blinkit,5,hinglish,blinkit me maximum employee 12 th pass aur jahil hai kyuki ham bhi kaam kar chuke hai 10 store pe gaye hai 9 store manager ka employee ke sath behaviour Sahi nhi hai jiske karan itana losses ho raha
R011,5f705f7a-ac93-40a6-bd51-09a1b255785d,Blinkit,3,hinglish,ye to achhi baat hai isme exact 10 mint k andar delevery ho jata hai but isme lagbhag sare product mehnge dete hai isliye mai ye jyada use nhi karti
R012,9aec6154-f02b-4e15-9899-2036c6e3db32,Meesho,4,hinglish,yah app shoping ke liye bahut achha hai📱
R013,c071e07e-8958-4f60-9228-442b0e868a83,Nykaa,1,hinglish,nykaa par bohat hi scam ho ra hai or real product nihi deh ra hai....main oder kiya tha or mujhe fake product diya tha or return bhi nihi lee ra hai..mat koi oder kariya nihi to apka sath bhi scam hoga ek number ka faltu hai nykka
R014,d73690b7-66d0-4af2-b67b-a523a71c8704,Blinkit,3,hinglish,Mera cash on delivery Kam nahin kar raha hai ismein
R015,5e8cc76b-b151-401c-b075-15542d9f0c2e,Zepto,3,hinglish,mujhe jattu ki delivery bahut acchi lagi but Kash jab to 99 ka hi mangva sakte yah jyada achcha tha please baat Ko samjho sudhare Main tabhi aapko 5 star De pata
R016,7cf707c3-bd3c-4905-8621-151ae3022e4f,Meesho,5,hinglish,bahut achcha hai meesho bahut acche se product aate Hain acche se
R017,2308c032-e0c6-4591-9a6d-192c548c7fd5,Blinkit,3,hinglish,ye ek acha app h lekin ispr agr koi galt product akata h ya defective to duniya ki bahs krne ke bad bhi return nahi krte h isliye mujhe ye app jaldi delevery karne me acha h but coust bht h charges bht h
R018,f438687c-ae2f-4caf-bcf9-7622644dbb6b,Nykaa,4,hinglish,May got yh to bhut acha he
R019,848bb1e2-f1b1-4e19-a10e-523dc6bf51b0,Blinkit,5,hinglish,sab se mast sb kuch mil jata h yrrrrrrrr
R020,38aa3bba-ece7-4030-bc78-11e03f59a4b1,Blinkit,4,hinglish,kay sarra gotegaon me mile Sakta hai ye sab
R021,966612f2-81e0-43fa-8ff3-a84016f45555,Nykaa,1,hinglish,nykaa app se wrong expiry date and open product deliver hone par aap complaint kijiye to unexpected response de ge aur product ki koi responsibility nhi le ge . koi product to inke real cost se jyada cost k hote hain .
R022,82a7478f-0a6a-4376-b054-eff1937157c6,Blinkit,1,hinglish,mujhe bar bar kyon prachar deta hai mujhe prachar nahin chahie
R023,f606a1a4-29c9-49cf-abbb-ce976a5f4c40,Blinkit,4,hinglish,delivery bahut late karte ho bus
R024,9d7f9884-9291-45b3-8899-b63fea54fd92,Zepto,3,hinglish,aapke delivery partners ke paas khule paise nhi hote customer bhi kb tk khule paise dega how we arrange
R025,7ad89be9-dd01-44bb-93d7-d2e75fd1d71c,Blinkit,2,hinglish,mere area me blinkit 4 din pahle hi start hua hai beshak products ki range bahut badi hai par handling fee lagana galat hai small city me Mera 1st impression 40/100 hai
R026,057b84c0-44d0-44d4-8d8e-86f5a10f9a5a,Zepto,5,maybe,Mohd Allem room number 20 mursat ki chahal Suresh Nagar Kurla East ❤️
R027,0cb65be5-6483-4c6e-a50c-d69053181acf,Nykaa,1,hinglish,bakwas experience pure product nahi milte so please don't buy this app
R028,cc890f7b-3a00-47e1-8f6e-cf5c85d90d08,Meesho,2,maybe,new number per order karna per sasta milega bad me mahenga milta hai
R029,d7f4906d-9155-4d77-b602-c60c3eefecd9,Nykaa,5,hinglish,nice game ke game bahut achcha hai sabhi download Karen
R030,96ca7d17-9e49-437e-96b3-9c7a7ca0f459,Zepto,5,hinglish,bahut acche Parivar Se tumhare bande ki
R031,00d34e83-dd61-498d-89ec-e66a0bcbea35,Nykaa,4,hinglish,sahi hai pahli bar ke liye
R032,161f3fc0-966a-4956-b3c9-2aa18decb209,Nykaa,1,hinglish,Mera experience bhut hi bekar tha nayka se .. nayka me jo bi office mentioned hue mene vo applied kiye fir bi vo offer muje ni mili or delivery bi time par ni ki gyi muje khud paket lene blue dard ke office jna padha or inke offer sb fake hai 👎👎👎
R033,b37ee73c-703e-4dc7-8276-c928d75e504e,Meesho,1,hinglish,pathetic application ek order ko 15 -15 din rok ke rakhte hai na delivery karte hai na reject karte hai bus customer ko pareshan karte hai pathetic never shop with meesho
R034,f6a0055e-2b9c-45f0-90a2-ba5af3d05026,Nykaa,2,maybe,"Card payment discount mila, but cash on discount mila nahi"
R035,7fb8011c-e91e-4561-bc40-e8f747bd9c30,Meesho,2,maybe,abhi aa rhs h dekhte h
R036,7a73cc61-d15a-4410-b89b-29841f79095d,Meesho,4,hinglish,service hai aur fast service hai
R037,d343a2a1-85a0-452a-8e5d-e8d4d6db5cbc,Meesho,3,hinglish,This app is good but Bene order jis date par mangaya us date pe kya nahi aya why ? very disappointed 👎😡
R038,0dad0ea5-c2fb-4d0e-b653-447622c0cf43,Blinkit,5,maybe,good 👍 har cheez miljaya hai yaha bas kade chodkar I like it
R039,3aaa7316-3b0e-4025-bf5b-72ff1beadde8,Meesho,2,hinglish,ac hai par pement jada leta hai
R040,2f18e7bd-f8f9-4fd0-91d8-c3ba927f0cdb,Nykaa,5,hinglish,Bahut acha app he bhai
R041,b5e11884-0786-4ab0-8f42-2ab8d99db272,Nykaa,3,hinglish,discount bahut kam hota hai
R042,905f6951-c7df-4474-a8e8-6c1a958b49e6,Zepto,5,hinglish,kripya karke mere ko offer diya karo
R043,a439f2a2-1270-4d20-930b-378bc4af5683,Nykaa,5,hinglish,nykaa ji is bar apne mera birthday gift nahi diya
R044,af059368-c876-401f-8896-f11e85e3652e,Nykaa,2,hinglish,your only ready to show off gifts for big order but your team didn't deliver that ... aap delivery nhi krte gifts ki agar payment zayada ho very bad totally disappointed for this ...and i hope many more agree with this ...before download this app think about it
R045,b5d9df24-6dfe-4e38-aea3-a70d15e0bf0c,Meesho,4,hinglish,yeha per subi chije mileti he magre kuch bedi chije nhi milti
R046,7d8bee98-16fb-455e-9c8c-d994b021aa68,Blinkit,3,hinglish,Koi discount payment mein bhi karo
R047,210964dd-4ad8-48d5-985d-73f1b39393b2,Zepto,1,hinglish,jo magaya gya wo nhi tha
R048,5ab17453-28ff-4faa-b956-6e9614d65148,Zepto,5,maybe,"ya bohot aacha aap haa aapko bhe download karna chahiye ,🥲"
R049,63bfb602-f029-4110-8cb3-47b037489a3d,Meesho,1,hinglish,abhi tak to meesho theek tha lekin ab bahut kharab ho chuka hai maine abhi haldi order kiya tha jiska online payment bhi kar diya lekin status mein dikh nahin raha hai ki maine haldi powder order Kiya Hai
R050,be9fb8a3-76a4-46b4-92cd-b92aba9aec63,Zepto,2,hinglish,Yeh galat hai agar kuch mangla hai to 349 ka mangao information together charges lega palehe 99 ka tha wahi better tha 99ka kar do vahap bas itna
R051,fa8f9f4c-9164-4eb7-aa81-e03e75106669,Meesho,1,hinglish,ismein ismein Jo Saman dikhaya jata Hai vahi Saman nahin diya jata hai
R052,8fca1daf-4411-403d-8dab-6376ba0b95a5,Meesho,2,hinglish,order baar-baar cancel hote hain aur book nahin Ho paate
R053,bdf008c3-432f-43cd-8bc6-1065d4cd56da,Blinkit,4,hinglish,Very good service...orders time pe mil jaate hai.bas packaging thoda improve ho sakta hai
R054,c775ff68-cfbb-45d0-b233-114f57f58d44,Zepto,2,hinglish,Raat ko jo bhi chiz mangani hoti h wo saari to out of stock rehati h. or jis brand ka koi item order karo or wo out of stock hota h to dusre brand ka same item bhej dete h jabki inko wo pehle hee out of stock show karna chahiye. or baad me refund bhi nhi dete h.
R055,44514f39-7e96-41fa-83aa-d21fa7ae5ea5,Blinkit,1,hinglish,Phone PE se blinkit money me paise bhej diye phir bhi order nahi ho raha hai.
R056,3ab8f014-a2c1-443e-8ec0-94dea590dd13,Zepto,2,hinglish,kuch delivery person bhot bekar h pura saman nahi dete pr payment Puri lete H .upar nahi aate niche hi bulate H. bolte h company Ne Mana Kiya H...👎
R057,90265a7f-35f7-4e00-a213-c669c234a6e0,Zepto,1,hinglish,refrel cod nhi aata hai
R058,e5c22b37-a637-4c3a-bd26-418c5726c8b4,Zepto,3,hinglish,main 4saal sa kriho yaha sa grocery shopping or acha experience rahe haa mere abtk
R059,ffdfe024-c85b-4300-9e8c-e9c485f45f11,Blinkit,1,hinglish,Khandwa me blinkit available hai par aa nhi raha fir kai ka app bakwaas
R060,1fbf052b-ec55-4a1f-9332-583d84333075,Meesho,3,maybe,bohat hi badiya online shopping app hai
R061,b6fcf60a-f5e4-4041-ba23-e1439dd67933,Zepto,4,hinglish,ye bahut jaldi aa jata hai bahut achcha hai
R062,c921f456-44bd-420f-a03e-8e09a510e4ea,Blinkit,2,maybe,10 minutes se delivery time 14 minute hi show ho rha hai 😂😂
R063,def76bb3-584c-4840-9e3c-573f9f3850d0,Meesho,5,hinglish,so good product i think hame ghar decoration ke liye ya chote baccho ke kapre ke liye yai ek aachaa option hai wo bhi lowest price mai🙏 Thank u meesho
R064,a5e601b5-bcc1-441b-97a3-df121fcefc5c,Blinkit,1,hinglish,bhot gtiya Sanam beja h rsgula mangvaya tha bilkul khrab diye h
R065,d025d104-9c01-47a2-af35-c696cab82205,Meesho,3,hinglish,itna achcha bhi nahin Hai
R066,b2385ed3-ddd8-4577-b7e5-ebf11008f5af,Zepto,3,maybe,real juice bed quality receive hua Hai
R067,8178b41f-4da8-46b5-8cd5-c1eb9029c77b,Meesho,2,hinglish,Mera account apne aap q udd jara hai this is so frustrating even after paying u ppl showing notification of paylater again again so much phones !!! wt is this behaviour now I'm not able to use app why??
R068,5957a349-f798-4d1e-8a39-95ba6fa77349,Nykaa,3,hinglish,nyka ke product best hai👍👍
R069,637f54f1-80f5-4c2a-980f-76bc699dd181,Nykaa,3,hinglish,Mera prodect nhi aa raha hh
R070,1ebe7ff0-bf5f-4165-b2c0-ec944c4da1e0,Nykaa,1,hinglish,Bekar hai pahle price kam hota hai 2 din baad price badha dete hai
R071,feb58177-6ed3-4d30-9f18-5c7406a722f3,Zepto,1,hinglish,"bekar hai, sab kuch out of stock rehta hai."
R072,7cd80612-1bf4-4f6e-9960-da2b536b393e,Blinkit,5,hinglish,kuch samj me nahi aata butt boht achaa h
R073,1d48fe33-eb68-450b-94ad-21784fb961ff,Nykaa,2,hinglish,nyka hamesha ache se product deliver krta h lekin ye fast express ke chakkar m packaging achi nh h open product deliver huye h product par taping kr di gyi h smjh hi nh aa rha use h open h kya h
R074,1b5cc794-6a28-49c8-95d3-c703247a2dee,Nykaa,4,hinglish,"- Hindi me accha lagega: Bahut acchi app hai. Olay cream original mili, ghar pe cash de diya. Delivery fast thi. Thank you Nykaa!"
R075,4aeefc81-7378-4e9d-ab41-59544a5484b0,Nykaa,3,hinglish,1st order hai but discount nahi mila 1st order ka so
R076,3ed973b6-aefe-4df7-bf74-b75dd445f1a1,Zepto,2,hinglish,order cancel karne ka koi option hi nahi hai...agar bache ne galti se order Kiya to ky karna hai .vo agar assistant se pucho to vo bolte ham ham apki isme koi help nahi kar sakte...ky baat hue bhai...very very despointed
R077,05f4992c-b811-4b12-b58a-83438edf290c,Nykaa,3,hinglish,delivery very slow because meine 2 sep ka order kya hai aur ajj 9sep hai abhi thk nhi ayea pehle bola tha 7 sep ko ayega abhi thk nhi ayea
R078,b295714a-f1da-4c46-b1e2-63fe120694d1,Blinkit,4,hinglish,bohot bàdhiyà bus thoda samàn ke rate kàm kàren
R079,e05fbe9f-19a2-4225-87cf-40199a08a872,Blinkit,2,hinglish,abhi to tik hai axa hai
R080,d147e183-ffad-4183-9f14-2eaeb0015d13,Nykaa,2,hinglish,product return krna bohot hi difficult hai... kbhi nyka se product ab nhi mangwaungi...
R081,a6890cb5-09de-428f-98cf-d1efb9065bb8,Zepto,1,hinglish,refund hi nahin diya hai
R082,d1a5b8fa-a35f-422e-a221-91ea0732b12f,Blinkit,1,hinglish,app hai ki koi photo download mat Karna
R083,2682f8e2-cf89-4d59-b463-9b7a88ab368f,Meesho,4,hinglish,veri nice meesho bahut hi achcha app hai
R084,bdba9810-1fa5-48ef-a59b-9f28e39dbd2a,Blinkit,2,maybe,handline charge lete hai btw zepto se kam
R085,6c827f50-351a-4dbd-9e9a-2fa2663017a4,Meesho,5,hinglish,"refund process is too good and quick, products qualities also good, and one thing that I really appreciate is delivery, some time little bit delay ho jata hai but rare hi case me , baki sb perfect hai"
R086,5550fa23-62fb-4dde-b0f3-95ac02030626,Zepto,5,maybe,oooooo ka number of the best
R087,2241842d-1f32-46fb-9da9-944b4379a840,Meesho,3,hinglish,Meesho No more Providing Affordable Rate Product..iss Sasta Amazon and Flipkart par mil Raha hai.
R088,bef25de0-0d66-4905-9931-e4554ea46943,Blinkit,2,hinglish,is app per Saman bahut mahanga mahanga rahata hai
R089,ef3f0335-ffc7-4ff9-9780-dce644437eeb,Meesho,4,hinglish,kuchh kam ka nahi ha
R090,60be1322-4e6d-4dee-8c2c-eaadf9c11128,Nykaa,5,hinglish,nykaa app bahut easy to use hai products ki variety achchi hai offers bhi milte rehte hai aur delivery experience bhi achha Raha makeup aur beauty shopping ke liye mujhe app kaafi useful laga
R091,86db8a15-b812-4f96-a7b6-d28761241db1,Zepto,4,hinglish,"app accha hai , delevery time par aati hai , lekin Packaging Bahut he kharab hai matlab packaging hai he nahi seedha product Haath main thama dete hai koi packaging hoti he nahi"
R092,a6805a7b-54d0-4f47-bbd2-4d462030bdcf,Blinkit,3,hinglish,thoda discount bhi dia karo bhai
R093,541bda0a-349f-4faa-bdc0-bb7fd7ae9fc9,Nykaa,2,maybe,good but ek gift aur dena chahiye.
R094,4e19abb4-7608-455d-a2fa-df4b4c36a785,Zepto,4,maybe,bahut mast app hi sir
R095,e669b129-3e9c-4715-8588-0c6ab91707b6,Blinkit,5,maybe,mja aavi giyo bhai sahab
R096,4165ec30-5438-4371-9fe2-fecd1fdba0fd,Zepto,2,maybe,Sold out jiyada hota ha
R097,51ed99e3-1e93-4b51-9acf-4b6c05c273ec,Nykaa,4,hinglish,itna products buy karne k baad bhi koi gift nehi🥲 baki all good👍
R098,926b6c38-6896-4a98-b361-6891b78f3a00,Meesho,1,maybe,Misso app kharab product bhejta hai
R099,92dfe56f-b915-4543-ae78-25f0bb126803,Nykaa,4,hinglish,dekhty hai expensive app ko
R100,ad9cda3c-01ef-4dec-8cb4-092c5331fd28,Meesho,5,hinglish,"sabhi online shopping aap se jiyada muze meesho par shopping karna pasnd he. ye sirf sasta nhi bharosemand bhi he, thank you meesho 🫶"
